<mujoco model="trossen_ai_scene">
  <compiler meshdir="meshes" texturedir="meshes"/>

  <include file="trossen_ai_joint.xml"/>

  <statistic center="0 -0.1 0.2" extent="0.6" meansize="0.05"/>

  <visual>
    <headlight diffuse="0.6 0.65 0.75" ambient="0.5 0.5 0.6" specular="0.1 0.1 0.1"/>
    <rgba haze="0.15 0.25 0.35 1"/>
    <global azimuth="90" elevation="-20"/>
    <quality shadowsize="8192"/>
  </visual>

  <asset>
    <!-- table extrusions and frame -->
    <mesh file="extrusion_2040_880.stl"/>
    <mesh file="extrusion_150.stl"/>
    <mesh file="corner_bracket.stl"/>
    <mesh file="extrusion_1220.stl"/>
    <mesh file="extrusion_1000.stl"/>
    <mesh file="angled_extrusion.stl"/>
    <mesh file="extrusion_600.stl"/>
    <mesh file="overhead_mount.stl"/>
    <mesh file="extrusion_2040_1000.stl"/>
    <mesh file="wormseye_mount.stl"/>
    <mesh file="d405_solid.stl"/>

    <!-- Table dimensions (length x width x height in meters): 1.21x0.76x0.75 -->
    <mesh file="tablelegs.obj"/>
    <mesh file="tabletop.obj"/>

    <texture type="skybox" builtin="gradient" rgb1="0.9725 0.9608 0.8706" rgb2="0.5 0.5 0.5" width="512" height="3072"/>
    <texture type="2d" name="groundplane" builtin="checker" mark="edge" rgb1="0.2 0.3 0.4" rgb2="0.1 0.2 0.3"
      markrgb="0.8 0.8 0.8" width="300" height="300"/>
    <texture type="2d" file="small_meta_table_diffuse.png"/>
    <material name="groundplane" texture="groundplane" texuniform="true" texrepeat="5 5" reflectance="0.2"/>
    <material name="table" rgba="0.15 0.15 0.15 1.0"/>
    <material name="metal" rgba="0.517 0.529 0.537 1"/>
    <texture name="carpet_texture" type="2d" file="carpeteven.png"/>
    <material name="carpet" texture="carpet_texture" texuniform="true" texrepeat="1 1" reflectance="0.0001"/>
    <material name="white_wall" rgba="0.9725 0.9608 0.8706 1"/>
  </asset>

  <default>
    <default class="frame">
      <geom group="1" type="mesh" material="black"/>
    </default>
  </default>

  <worldbody>
    <light name="top_light_1" pos="0.5 0 1.5" dir="0 0 -1" diffuse="0.7 0.7 0.7" specular="0.3 0.3 0.3" directional="false"/>

    <!-- Light 2: Positioned above the table -->
    <light name="top_light_2" pos="-0.5 0 1.5" dir="0 0 -1" diffuse="0.7 0.7 0.7" specular="0.3 0.3 0.3" directional="false"/>


    <body name="box" pos="0.0 0.0 0.02">
        <joint name="red_box_joint" type="free" frictionloss="0.01" />
        <inertial pos="0 0 0" mass="0.05" diaginertia="0.002 0.002 0.002" />
        <geom condim="4" solimp="2 1 0.01" solref="0.01 1" friction="1 0.005 0.0001" pos="0 0 0" size="0.02 0.02 0.02" type="box" name="red_box" rgba="1 0 0 1" />
    </body>
    <geom name="white_wall" pos="0 0.5 0.05" size="10 0.05 1" type="box" material="white_wall"/>

    <geom name="floor" size="20 20 0.05" type="plane" material="carpet" pos="0 0 -.75"/>
    <site name="worldref" pos="0 0 -0.75"/>
    <camera name="camera_high" pos="0 -0.303794 1.02524" euler="0 0 0.4363" resolution="1920 1080" mode="fixed"  focal="1.93e-3 1.93e-3" sensorsize="0.0037 0.0021"/>
    <camera name="camera_low" pos="0 -0.377167 0.0316055" euler="0 0 1.666" resolution="1920 1080" mode="fixed"  focal="1.93e-3 1.93e-3" sensorsize="0.0037 0.0021"/>


    <geom mesh="tabletop" material="table" class="visual" pos="0 0 -0.75" quat="1 0 0 1"/>
    <geom mesh="tablelegs" material="table" class="visual" pos="0 0 -0.75" quat="1 0 0 1"/>
    <geom name="table" pos="0 0 -0.1009" size="0.61 0.37 0.1" type="box" conaffinity="1" contype="1"/>
    <geom class="frame" pos="0.44 -0.361 1.03" quat="0 1 0 1" mesh="extrusion_2040_880"/>
    <geom class="frame" pos="0.44 -0.371 0.61" quat="1 0 -1 0" mesh="extrusion_150"/>
    <geom class="frame" pos="0 -0.303794 1.02524" quat="0 0 0.976296 0.21644" mesh="d405_solid"/>
    <geom class="frame" pos="0.44 -0.383 1.04" quat="0 0 -1 1" mesh="corner_bracket"/>
    <geom class="frame" pos="-0.61 -0.391 -0.01" quat="0 -1 0 1" mesh="extrusion_1220"/>
    <geom class="frame" pos="-0.59 -0.371 0.61" quat="0 -1 0 1" mesh="extrusion_150"/>
    <geom class="frame" pos="0.42 -0.383 0.62" quat="1 1 1 -1" mesh="corner_bracket"/>
    <geom class="frame" pos="0 -0.377167 0.0316055" quat="0 0 -0.672367 -0.740218" mesh="d405_solid"/>
    <geom class="frame" pos="0.61 -0.383 0.62" quat="0 0 1 -1" mesh="corner_bracket"/>
    <geom class="frame" pos="-0.43 -0.361 1.02" quat="0 0 0 1" mesh="extrusion_2040_1000"/>
    <geom class="frame" pos="-0.61 -0.383 0.62" quat="1 1 1 -1" mesh="corner_bracket"/>
    <geom class="frame" pos="-0.43 -0.24 0.12" quat="0.923 0.382 0 0" material="metal" mesh="angled_extrusion"/>
    <geom class="frame" pos="-0.59 -0.066 0.01" quat="0 1 0 -1" mesh="extrusion_150"/>
    <geom class="frame" pos="-0.6 -0.371 0.62" quat="0 0 0 -1" mesh="extrusion_600"/>
    <geom class="frame" pos="0.44 -0.631 0.01" quat="1 0 -1 0" mesh="extrusion_150"/>
    <geom class="frame" pos="0 -0.351 1.03" quat="0 0 1 1" mesh="overhead_mount"/>
    <geom class="frame" pos="-0.43 -0.641 0.01" quat="1 1 -1 1" mesh="extrusion_1000"/>
    <geom class="frame" pos="0.6 -0.26 0.12" quat="0.923 0.382 0 0" material="metal" mesh="angled_extrusion"/>
    <geom class="frame" pos="0.44 -0.066 0.01" quat="1 0 -1 0" mesh="extrusion_150"/>
    <geom class="frame" pos="-0.44 -0.383 1.04" quat="1 1 1 -1" mesh="corner_bracket"/>
    <geom class="frame" pos="-0.61 0.369 0.01" quat="0 1 0 -1" mesh="extrusion_1220"/>
    <geom class="frame" pos="0.43 -0.641 0.01" quat="0 0 -1 1" mesh="extrusion_1000"/>
    <geom class="frame" pos="0.6 -0.641 0.01" quat="0 0 -1 1" mesh="extrusion_1000"/>
    <geom class="frame" pos="-0.59 -0.631 0.01" quat="0 1 0 -1" mesh="extrusion_150"/>
    <geom class="frame" pos="-0.42 -0.383 0.62" quat="0 0 -1 1" mesh="corner_bracket"/>
    <geom class="frame" pos="-0.6 -0.641 0.01" quat="0 0 -1 1" mesh="extrusion_1000"/>
    <geom class="frame" pos="0.6 -0.371 0.62" quat="1 0 0 1" mesh="extrusion_600"/>
    <geom class="frame" pos="0.43 -0.24 0.12" quat="0.923 0.382 0 0" material="metal" mesh="angled_extrusion"/>
    <geom class="frame" pos="-0.6 -0.26 0.12" quat="0.923 0.382 0 0" material="metal" mesh="angled_extrusion"/>
    <geom class="frame" pos="0.43 -0.361 1.02" quat="0 0 0 1" mesh="extrusion_2040_1000"/>
    <geom class="frame" pos="0 -0.391 -0.01" quat="0 0 0 1" mesh="wormseye_mount"/>
  </worldbody>
</mujoco>
